code,level,parentCode,nameTh,canIssueNumber,isActive,note
010000,1,,สำนักอธิการบดี,true,true,
010100,2,010000,ฝ่ายบริหารทั่วไป,true,true,
010101,3,010100,สำนักงานเลขานุการสภามหาวิทยาลัยเกริก,false,true,
010102,3,010100,งานเลขานุการ,false,true,
010103,3,010100,งานสารบรรณ,false,true,
010104,3,010100,งานบริการจัดเลี้ยงศูนย์อาหารและรับรอง,false,true,
010200,2,010000,ฝ่ายอาคารถานที่,true,true,
010201,3,010200,งานอาคารสถานที่,false,true,
010202,3,010200,งานยานพาหนะและรักษาความปลอดภัย,false,true,
010203,3,010200,งานโสตทัศนูปกรณ์,false,true,
020000,1,,สำนักวิชาการ,true,true,
020100,2,020000,ฝ่ายบริการวิชาการและมาตรฐานการศึกษา,true,true,
020200,2,020000,ฝ่ายทะเบียนและวัดผลการศึกษา,true,true,
020201,3,020200,งานทะเบียนประวัตินักศึกษา,false,true,
020202,3,020200,งานวัดผลการศึกษาและผลิตเอกสารทางวิชาการ,false,true,
030000,1,,สำนักหอสมุด,true,true,
030100,2,030000,ไม่ระบุฝ่าย,true,true,
030101,3,030100,งานพัฒนาและบริการสารสนเทศ,false,true,
030102,3,030100,งานวารสาร,false,true,
040000,1,,สำนักกิจการนักศึกษา,true,true,
040100,2,040000,ฝ่ายส่งเสริมกิจกรรมและบริการสวัสดิการนักศึกษา,true,true,
040101,3,040100,งานหอพักนักศึกษา,false,true,
040102,3,040100,งานกองทุนกู้ยืมเพื่อการศึกษา,false,true,
040103,3,040100,งานวินัยและบริการสวัสดิการนักศึกษา,false,true,
040104,3,040100,งานกิจกรรมนักศึกษาและการกีฬา,false,true,
040200,2,040000,ศูนย์ศิลปวัฒนธรรม,true,true,
040300,2,040000,ศูนย์แนะแนวอาชีพและจัดหางาน,true,true,
050000,1,,สำนักพัฒนาหลักสูตรและประกันคุณภาพการศึกษา,true,true,
050100,2,050000,ฝ่ายประกันคุณภาพการศึกษา,true,true,
050101,3,050100,งานประมวลผลข้อมูลและวางแผนพัฒนา,false,true,
050200,2,050000,ฝ่ายพัฒนาหลักสูตร,true,true,
050201,3,050200,งานพัฒนาหลักสูตร,false,true,
050300,2,050000,ศูนย์ยกระดับ QS,true,true,
050301,3,050300,งานยกระดับ QS,false,true,
060000,1,,สำนักสื่อสารองค์กร,true,true,
060100,2,060000,ฝ่ายสื่อสารองค์กร,true,true,
060101,3,060100,งานสื่อสารองค์กรและศิษย์เก่าสัมพันธ์,false,true,
060102,3,060100,งานผลิตสื่อ Digital และ Social Media,false,true,
070000,1,,สำนักงานการต่างประเทศ,true,true,
070100,2,070000,ศูนย์แนะแนวการต่างประเทศ,true,true,
070200,2,070000,ศูนย์ความร่วมมือทางวิชาการต่างประเทศ,true,true,
080000,1,,สำนักทรัพย์สิน,true,true,
080100,2,080000,ฝ่ายการเงินและงบประมาณ,true,true,
080200,2,080000,ฝ่ายบัญชี,true,true,
080300,2,080000,ฝ่ายทรัพยากรมนุษย์,true,true,
080400,2,080000,ฝ่ายจัดซื้อ และพัสดุ,true,true,
090000,1,,สำนักงานบริหารการศึกษาออนไลน์,true,true,
090100,2,090000,ฝ่ายวิชาการหลักสูตรออนไลน์,true,true,
090200,2,090000,ฝ่ายการตลาดหลักสูตรออนไลน์,true,true,
090300,2,090000,ฝ่ายพัฒนาสื่อบทเรียนอิเล็กทรอนิกส์,true,true,
100000,1,,สถาบันภาษา,true,true,
100100,2,100000,สำนักงานธุรการและประสานงาน,true,true,
110000,1,,สถาบันพัฒนาภาวะผู้นำ,true,true,
110100,2,110000,สำนักงานธุรการและประสานงาน,true,true,
120000,1,,สถาบันวิจัย ไทย จีน อาเซียน,true,true,
120100,2,120000,สำนักงานธุรการและประสานงาน,true,true,
130000,1,,สถาบันการจัดการความปลอดภัยแห่งมหาวิทยาลัยเกริก,true,true,
130100,2,130000,สำนักงานธุรการและประสานงาน,true,true,
140000,1,,สถาบันวิจัยและนวัตกรรม,true,true,
140100,2,140000,ศูนย์วิจัยและพัฒนา,true,true,
140101,3,140100,งานส่งเสริมวิจัย ตำราและวารสาร,false,true,
140102,3,140100,งานวิจัยเพื่อท้องถิ่น,false,true,
140200,2,140000,ฝ่ายตำราและวารสารวิชาการ,true,true,
140300,2,140000,ฝ่ายส่งเสริมและพัฒนาวิจัย,true,true,
140400,2,140000,ฝ่ายทะเบียนงานทั่วไป,true,true,
140500,2,140000,ฝ่ายระบบสารสนเทศงานวิจัย,true,true,
150000,1,,สถาบันบริหารธุรกิจหนานหยางกรุงเทพ (ระงับการใช้งานเนื่องจากบอกชื่อหน่วยงานผิด),false,false,ระงับการใช้งานเนื่องจากบอกชื่อหน่วยงานผิด
150100,2,150000,สำนักงานธุรการและประสานงาน,false,false,
150200,2,150000,ไม่ระบุสาขาวิชา,false,false,
150211,3,150200,หลักสูตรบริหารธุรกิจบัณฑิต (หลักสูตรภาษาจีน),false,false,
150221,3,150200,หลักสูตรบริหารธุรกิจมหาบัณฑิต (หลักสูตรภาษาจีน),false,false,
150231,3,150200,หลักสูตรบริหารธุรกิจดุษฎีบัณฑิต (หลักสูตรภาษาจีน),false,false,
150300,2,150000,สาขาวิชาธุรกิจและการจัดการ,false,false,
150331,3,150300,หลักสูตรปรัชญาดุษฎีบัณฑิต (หลักสูตรภาษาจีน),false,false,
160000,1,,สำนักงานส่งเสริมตำแหน่งทางวิชาการ,true,true,
160100,2,160000,สำนักงานธุรการและประสานงาน,true,true,
170000,1,,สำนักงานมหาวิทยาลัยภาษาและวัฒนธรรมปังกิ่งกรุงเทพ,true,true,
170100,2,170000,สำนักงานธุรการและประสานงาน,true,true,
180000,1,,สำนักการศึกษาพิเศษ,true,true,
180100,2,180000,สำนักงานธุรการและประสานงาน,true,true,
190000,1,,สำนักการตลาด,true,true,
190100,2,190000,ฝ่ายพัฒนาระบบสารสนเทศการตลาด,true,true,
190200,2,190000,ศูนย์แนะแนวการศึกษา,true,true,
190300,2,190000,ศูนย์พัฒนาภาพลักษณ์และการตลาดออนไลน์,true,true,
190400,2,190000,ศูนย์ความร่วมมือทางวิชาการการศึกษา,true,true,
200000,1,,สำนักความร่วมมือและการแลกเปลี่ยนประเทศจีน,true,true,
200100,2,200000,สำนักงานธุรการและประสานงาน,true,true,
510000,1,,คณะบริหารธุรกิจ,true,true,
510100,2,510000,สำนักงานเลขานุการคณะบริหารธุรกิจ,true,true,
510200,2,510000,สาขาวิชานวัตกรรมการตลาด,true,true,
510211,3,510200,หลักสูตรบริหารธุรกิจบัณฑิต สาขาวิชานวัตกรรมการตลาด,false,true,
510212,3,510200,หลักสูตรบริหารธุรกิจบัณฑิต สาขาวิชานวัตกรรมการตลาด (ระบบการศึกษาทางไกล),false,true,
510300,2,510000,สาขาวิชาการจัดการทรัพยากรมนุษย์,true,true,
510311,3,510300,หลักสูตรบริหารธุรกิจบัณฑิต สาขาวิชาการจัดการทรัพยากรมนุษย์,false,true,
510312,3,510300,หลักสูตรบริหารธุรกิจบัณฑิต สาขาวิชาการจัดการทรัพยากรมนุษย์สมัยใหม่ (ระบบการศึกษาทางไกล),false,true,
510400,2,510000,สาขาวิชาบัญชี,true,true,
510411,3,510400,หลักสูตรบัญชีบัณฑิต,false,true,
510412,3,510400,หลักสูตรบัญชีบัณฑิต (ระบบการศึกษาทางไกล),false,true,
510500,2,510000,สาขาวิชาเทคโนโลยีสารสนเทศและการจัดการ,true,true,
510511,3,510500,หลักสูตรบริหารธุรกิจบัณฑิต สาขาวิชาเทคโนโลยีสารสนเทศและการจัดการ,false,true,
510600,2,510000,สาขาวิชาการจัดการโลจิสติกส์และซัพพลายเชนระหว่างประเทศ,true,true,
510611,3,510600,หลักสูตรบริหารธุรกิจ สาขาวิชาการจัดการโลจิสติกส์และซัพพลายเชนระหว่างประเทศ,false,true,
510612,3,510600,หลักสูตรบริหารธุรกิจบัณฑิต สาขาวิชาการจัดการโลจิสติกส์และซัพพลายเชน ระหว่างประเทศ (ระบบการศึกษาทางไกล),false,true,
510621,3,510600,หลักสูตรบริหารธุรกิจมหาบัณฑิต สาขาวิชาอุตสาหกรรมโลจิสติกและซัพพลายเชน ระหว่างประเทศ,false,true,
510700,2,510000,สาขาวิชาการจัดการธุรกิจการบิน,true,true,
510711,3,510700,หลักสูตรบริหารธุรกิจบัณฑิต สาขาวิชาการจัดการธุรกิจการบิน,false,true,
510721,3,510700,หลักสูตรบริหารธุรกิจมหาบัณฑิต สาขาวิชาการจัดการการบิน,false,true,
510800,2,510000,สาขาวิชาการจัดการนวัตกรรม,true,true,
510811,3,510800,หลักสูตรบริหารธุรกิจบัณฑิต สาขาวิชาการจัดการนวัตกรรม,false,true,
510812,3,510800,หลักสูตรบริหารธุรกิจบัณฑิต สาขาวิชาการจัดการนวัตกรรม (ระบบการศึกษาทางไกล),false,true,
510900,2,510000,สาขาวิชาการบริหารธุรกิจค้าปลีกสมัยใหม่,true,true,
510911,3,510900,หลักสูตรบริหารธุรกิจบัณฑิต สาขาวิชาการบริหารธุรกิจค้าปลีกสมัยใหม่,false,true,
511000,2,510000,ไม่ระบุสาขา,true,true,
511021,3,511000,หลักสูตรบริหารธุรกิจมหาบัณฑิต (MBA.),false,true,
511031,3,511000,หลักสูตรบริหารธุรกิจดุษฎีบัณฑิต (DBA.),false,true,
511100,2,510000,สาขาวิชานวัตกรรมไทย จีน อาเซียน,true,true,
511121,3,511100,หลักสูตรบริหารธุรกิจมหาบัณฑิต สาขาวิชานวัตกรรมไทย จีน อาเซียน (ระบบการศึกษาทางไกล),false,true,
511200,2,510000,สาขาวิชาการตลาดดิจิทัลและนวัตกรรมปัญญาประดิษฐ์,true,true,
511221,3,511200,หลักสูตรบริหารธุรกิจมหาบัณฑิต สาขาวิชาการตลาดดิจิทัลและนวัตกรรมปัญญาประดิษฐ์,false,true,
511300,2,510000,สาขาวิชาธุรกิจระหว่างประเทศ,true,true,
511311,3,511300,หลักสูตรบริการธุรกิจบัณฑิต สาขาวิชาธุรกิจระหว่างประเทศ,false,true,
511400,2,510000,สาขาวิชาการจัดการโลจิสติกส์และนวัตกรรมผู้ประกอบการ,true,true,
511421,3,511400,หลักสูตรบริหารธุรกิจมหาบัณฑิต สาขาวิชาการจัดการโลจิสติกส์และ นวัตกรรมผู้ประกอบการ,false,true,
520000,1,,คณะศิลปศาสตร์,true,true,
520100,2,520000,สำนักงานเลขานุการคณะศิลปศาสตร์,true,true,
520200,2,520000,สาขาวิชาภาษาอังกฤษ,true,true,
520211,3,520200,หลักสูตรศิลปศาสตรบัณฑิต สาขาวิชาภาษาอังกฤษ,false,true,
520300,2,520000,สาขาวิชาการจัดการ,true,true,
520311,3,520300,หลักสูตรศิลปศาสตรบัณฑิต สาขาวิชาการจัดการ,false,true,
520400,2,520000,สาขาวิชาสาธารณสุขศาสตร์,true,true,
520411,3,520400,หลักสูตรสาธารณสุขศาสตรบัณฑิต สาขาวิชาสาธารณสุขศาสตร์,false,true,
520421,3,520400,หลักสูตรสาธารณสุขศาสตรมหาบัณฑิต สาขาวิชาสาธารณสุขศาสตร์,false,true,
520431,3,520400,หลักสูตรสาธารณสุขศาสตรดุษฎีบัณฑิต สาขาวิชาการส่งเสริมสุขภาพ,false,true,
520441,3,520400,หลักสูตรประกาศนียบัตรพนักงานผู้ช่วยทางการพยาบาลและผู้ดูแลผู้สูงอายุ,false,true,
520500,2,520000,สาขาวิชานิเทศศาสตร์,true,true,
520511,3,520500,หลักสูตรนิเทศศาสตรบัณฑิต สาขาวิชานิเทศศาสตร์และดิจิทัลมีเดีย,false,true,
520600,2,520000,สาขาวิชานวัตกรรมการสื่อสารสืบสวนสอบสวน,true,true,
520611,3,520600,หลักสูตรนิเทศศาสตรบัณฑิต สาขาวิชานวัตกรรมการสื่อสารสืบสวนสอบสวน,false,true,
520700,2,520000,สาขาวิชาการจัดการองค์การยุคใหม่,true,true,
520721,3,520700,หลักสูตรศิลปศาสตรมหาบัณฑิต สาขาวิชาการจัดการองค์การยุคใหม่,false,true,
520731,3,520700,หลักสูตรปรัชญาดุษฏีบัณฑิต สาขาวิชาการจัดการองค์การยุคใหม่,false,true,
520800,2,520000,สาขาวิชาการบริหารการศึกษา,true,true,
520821,3,520800,หลักสูตรศึกษาศาสตรมหาบัณฑิต สาขาวิชาการบริหารการศึกษา,false,true,
520831,3,520800,หลักสูตรศึกษาศาสตรดุษฎีบัณฑิต สาขาวิชาการบริหารการศึกษา,false,true,
520900,2,520000,สาขาวิชานวัตกรรมการสื่อสาร,true,true,
520921,3,520900,หลักสูตรนิเทศศาสตรมหาบัณฑิต สาขาวิชานิเทศศาสตร์เชิงกลยุทธ์,false,true,
520931,3,520900,หลักสูตรปรัชญาดุษฎีบัณฑิต สาขาวิชานิเทศศาสตร์เชิงกลยุทธ์,false,true,
521000,2,520000,สาขาวิชารัฐประศาสนศาสตร์,true,true,
521021,3,521000,หลักสูตรรัฐประศาสนศาสตรมหาบัณฑิต สาขาวิชารัฐประศาสนศาสตร์,false,true,
521031,3,521000,หลักสูตรรัฐประศาสนศาสตรดุษฎีบัณฑิต สาขาวิชารัฐประศาสนศาสตร์,false,true,
521100,2,520000,สาขาวิชาการจัดการภาครัฐและเอกชน,true,true,
521131,3,521100,หลักสูตรปรัชญาดุษฎีบัณฑิต สาขาวิชาการจัดการภาครัฐและเอกชน,false,true,
521200,2,520000,สาขาวิชาภาษาไทยเพื่อการสื่อสาร,true,true,
521211,3,521200,หลักสูตรศิลปศาสตรบัณฑิต สาขาวิชาภาษาไทยเพื่อการสื่อสาร,false,true,
521241,3,521200,หลักสูตรประกาศนียบัตรภาษาไทยสำหรับชาวต่างชาติ (หลักสูตรระยะสั้น),false,true,
521300,2,520000,สาขาวิชานวัตกรรมการจัดการธุรกิจท่องเที่ยวและบันเทิง,true,true,
521311,3,521300,หลักสูตรศิลปศาสตรบัณฑิต สาขาวิชานวัตกรรมการจัดการธุรกิจท่องเที่ยวและบันเทิง,false,true,
521400,2,520000,สาขาวิชาการบริหารการค้าและการเมืองอย่างยั่งยืนในโลกยุคใหม่,true,true,
521421,3,521400,หลักสูตรศิลปศาสตรมหาบัณฑิต สาขาวิชาการบริหารการค้าและการเมืองอย่างยั่งยืนในโลกยุคใหม่,false,true,
521431,3,521400,หลักสูตรปรัชญาดุษฎีบัณฑิต สาขาวิชาการบริหารการค้าและการเมืองอย่างยั่งยืนในโลกยุคใหม่,false,true,
521500,2,520000,สาขาวิชาผู้นำทางการเมืองและการปกครอง,true,true,
521511,3,521500,หลักสูตรรัฐศาสตรบัณฑิต สาขาวิชาผู้นำทางการเมืองและการปกครอง,false,true,
521512,3,521500,หลักสูตรรัฐศาสตรบัณฑิต (ระบบการศึกษาทางไกล),false,true,
521600,2,520000,ภาควิชาศึกษาทั่วไป,true,true,
521700,2,520000,หลักสูตรประกาศนียบัตรบัณฑิตวิชาชีพครู,true,true,
521800,2,520000,สาขาวิชาผู้ประกอบการธุรกิจเชิงสร้างสรรค์และนวัตกรรม,true,true,
521821,3,521800,หลักสูตรศิลปศาสตรมหาบัณฑิต สาขาวิชาผู้ประกอบการธุรกิจเชิงสร้างสรรค์และนวัตกรรม,false,true,
521900,2,520000,สาขาวิชาดิจิทัลอาร์ตและดีไซน์,true,true,
521911,3,521900,หลักสูตรนิเทศศาสตรบัณฑิต สาขาวิชาดิจิทัลอาร์ตและดีไซน์,false,true,
522000,2,520000,สาขาวิชาการจัดการความมั่นคงและสันติภาพ,true,true,
522021,3,522000,หลักสูตรรัฐศาสตร์มหาบัณฑิต สาขาวิชาการจัดการความมั่นคงและสันติภาพ,false,true,
522100,2,520000,สาขาวิชาศิลปะการแสดง,true,true,
522111,3,522100,หลักสูตรศิลปศาสตรบัณฑิต สาขาวิชาศิลปะการแสดง,false,true,
530000,1,,คณะนิติศาสตร์,true,true,
530100,2,530000,สำนักงานเลขานุการคณะนิติศาสตร์,true,true,
530200,2,530000,สาขานิติศาสตร์,true,true,
530211,3,530200,หลักสูตรนิติศาสตรบัณฑิต สาขานิติศาสตร์,false,true,
530212,3,530200,หลักสูตรนิติศาสตรบัณฑิต สาขานิติศาสตร์ (ระบบการศึกษาทางไกล),false,true,
530221,3,530200,หลักสูตรนิติศาสตรมหาบัณฑิต สาขานิติศาสตร์,false,true,
530231,3,530200,หลักสูตรนิติศาสตรดุษฎีบัณฑิต สาขานิติศาสตร์,false,true,
530300,2,530000,สาขาวิชากฎหมายกับการบริหาร,true,true,
530331,3,530300,หลักสูตรปรัชญาดุษฏีบัณฑิต สาขาวิชากฎหมายกับการบริหาร,false,true,
540000,1,,วิทยาลัยสื่อสารการเมือง,true,true,
540100,2,540000,สำนักงานเลขานุการวิทยาลัยสื่อสารการเมือง,true,true,
540200,2,540000,สาขาวิชาสื่อสารการเมือง,true,true,
540221,3,540200,หลักสูตรรัฐศาสตรมหาบัณฑิต สาขาวิชาสื่อสารการเมือง,false,true,
540231,3,540200,หลักสูตรปรัชญาดุษฎีบัณฑิต สาขาวิชาสื่อสารการเมือง,false,true,
540300,2,540000,สาชาวิชาสื่อสารการเมืองและการปกครองดิจิทัล (ระบบการศึกษาทางไกล),true,true,
540321,3,540300,หลักสูตรรัฐศาสตรมหาบัณฑิต สาชาวิชาสื่อสารการเมืองและการปกครองดิจิทัล (ระบบการศึกษาทางไกล),false,true,
540331,3,540300,หลักสูตรปรัชญาดุษฎีบัณฑิต สาชาวิชาสื่อสารการเมืองและการปกครองดิจิทัล (ระบบการศึกษาทางไกล),false,true,
550000,1,,วิทยาลัยนานาชาติ,true,true,
550100,2,550000,สำนักงานเลขานุการวิทยาลัยนานาชาติ,true,true,
550200,2,550000,ไม่ระบุสาขา,true,true,
550211,3,550200,หลักสูตรบริหารธุรกิจบัณฑิต (หลักสูตรภาษาจีน),false,true,
550221,3,550200,หลักสูตรบริหารธุรกิจมหาบัณฑิต (หลักสูตรภาษาจีน),false,true,
550231,3,550200,หลักสูตรบริหารธุรกิจดุษฎีบัณฑิต (หลักสูตรภาษาจีน),false,true,
550300,2,550000,สาขาวิชาการศึกษาปฐมวัย,true,true,
550311,3,550300,หลักสูตรศึกษาศาสตรบัณฑิต สาขาการศึกษาปฐมวัย (หลักสูตรภาษาจีน),false,true,
550400,2,550000,สาขาวิชาวิทยุกระจายเสียงและวิทยุโทรทัศน์,true,true,
550411,3,550400,หลักสูตรนิเทศศาสตรบัณฑิต สาขาวิชาวิทยุกระจายเสียงและวิทยุโทรทัศน์ (หลักสูตรภาษาจีน),false,true,
550500,2,550000,สาขาวิชาการส่งเสริมสุขภาพองค์รวมข้อมูลขนาดใหญ่ทางการแพทย์,true,true,
550511,3,550500,หลักสูตรสาธารณสุขศาสตรบัณฑิต สาขาวิชาการส่งเสริมสุขภาพองค์รวมและข้อมูล ขนาดใหญ่ทางการแพทย์ (หลักสูตรภาษาจีน),false,true,
550521,3,550500,หลักสูตรสาธารณสุขศาสตรมหาบัณฑิต สาขาวิชาการส่งเสริมสุขภาพองค์รวมและ ข้อมูลขนาดใหญ่ทางการแพทย์ (หลักสูตรภาษาจีน),false,true,
550531,3,550500,หลักสูตรสาธารณสุขศาสตรดุษฎีบัณฑิต สาขาวิชาการส่งเสริมสุขภาพองค์รวมและ ข้อมูลขนาดใหญ่ทางการแพทย์ (หลักสูตรภาษาจีน),false,true,
550600,2,550000,สาขาวิชาศิลปะการออกแบบและสื่อดิจิทัล,true,true,
550611,3,550600,หลักสูตรศิลปบัณฑิต สาขาวิชาศิลปะการออกแบบและสื่อดิจิทัล (หลักสูตรภาษาจีน),false,true,
550700,2,550000,สาขาวิชาการบริหารการศึกษา,true,true,
550721,3,550700,หลักสูตรศึกษาศาสตรมหาบัณฑิต สาขาวิชาการบริหารการศึกษา (หลักสูตรภาษาจีน),false,true,
550731,3,550700,หลักสูตรศึกษาศาสตรดุษฎีบัณฑิต สาขาวิชาการบริหารการศึกษา (หลักสูตรภาษาจีน),false,true,
550800,2,550000,สาขาวิชาดนตรีวิทยา,true,true,
550821,3,550800,หลักสูตรศิลปมหาบัณฑิต สาขาวิชาดนตรีวิทยา (หลักสูตรภาษาจีน),false,true,
550831,3,550800,หลักสูตรศิลปดุษฎีบัณฑิต สาขาวิชาดนตรีวิทยา (หลักสูตรภาษาจีน),false,true,
550900,2,550000,สาขาวิชาศิลปะ,true,true,
550921,3,550900,หลักสูตรศิลปมหาบัณฑิต สาขาวิชาศิลปะ (หลักสูตรภาษาจีน),false,true,
550931,3,550900,หลักสูตรศิลปดุษฎีบัณฑิต สาขาวิชาศิลปะ (หลักสูตรภาษาจีน),false,true,
551000,2,550000,สาขาวิชาพลศึกษา,true,true,
551011,3,551000,หลักสูตรศึกษาศาสตรบัณฑิต สาขาวิชาพลศึกษา (หลักสูตรภาษาจีน),false,true,
551021,3,551000,หลักสูตรศึกษาศาสตรมหาบัณฑิต สาขาวิชาพลศึกษา (หลักสูตรภาษาจีน),false,true,
551031,3,551000,หลักสูตรศึกษาศาสตรดุษฎีบัณฑิต สาขาวิชาพลศึกษา (หลักสูตรภาษาจีน),false,true,
551100,2,550000,สาขาวิชาการจัดการเทคโนโลยีวิศวกรรม,true,true,
551121,3,551100,หลักสูตรวิศวกรรมศาสตรมหาบัณฑิต สาขาวิชาการจัดการเทคโนโลยีวิศวกรรม (หลักสูตรภาษาจีน),false,true,
551131,3,551100,หลักสูตรวิศวกรรมศาสตรดุษฎีบัณฑิต สาขาวิชาการจัดการเทคโนโลยีวิศวกรรม (หลักสูตรภาษาจีน),false,true,
551200,2,550000,สาขาศิลปบัณฑิต,true,true,
551221,3,551200,หลักสูตรศิลปมหาบัณฑิต (หลักสูตรภาษาจีน),false,true,
551222,3,551200,หลักสูตรนิติศาสตรมหาบัณฑิต (หลักสูตรภาษาจีน),false,true,
551231,3,551200,หลักสูตรศิลปดุษฎีบัณฑิต (หลักสูตรภาษาจีน),false,true,
551300,2,550000,สาขาวิชาศิลปะการเขียนพู่กันจีน (หลักสูตรภาษาจีน),true,true,
551321,3,551300,หลักสูตรศิลปมหาบัณฑิต สาขาวิชาศิลปะการเขียนพู่กันจีน (หลักสูตรภาษาจีน),false,true,
551400,2,550000,สาขาวิชานวัตกรรมการศึกษาขั้นสูง,true,true,
551421,3,551400,หลักสูตรศึกษาศาสตรมหาบัณฑิต สาขาวิชานวัตกรรมการศึกษาขั้นสูง (หลักสูตรภาษาจีน),false,true,
551431,3,551400,หลักสูตรศึกษาศาสตรดุษฎีบัณฑิต สาขาวิชานวัตกรรมการศึกษาขั้นสูง (หลักสูตรภาษาจีน),false,true,
551500,2,550000,สาขาวิชาปัญญาประดิษฐ์,true,true,
551531,3,551500,หลักสูตรวิศวกรรมศาสตรดุษฎีบัณฑิต สาขาวิชาปัญญาประดิษฐ์ (หลักสูตรภาษาจีน),false,true,
551600,2,550000,สาขาวิชาเทคโนโลยีสารสนเทศและการสื่อสาร,true,true,
551611,3,551600,หลักสูตรเทคโนโลยีบัณฑิต สาขาวิชาเทคโนโลยีสารสนเทศและการสื่อสาร (หลักสูตรภาษาอังกฤษ),false,true,
551700,2,550000,สาขาวิชาวิศวกรรมศาสตร์,true,true,
551711,3,551700,หลักสูตรวิศวกรรมศาสตรบัณฑิต สาขาวิชาวิศวกรรมศาสตร์ (หลักสูตรภาษาจีน),false,true,
551800,2,550000,สาขาวิชาการระบาดวิทยา,true,true,
551821,3,551800,หลักสูตรสาธารณสุขศาสตรมหาบัณฑิต สาขาวิชาการระบาดวิทยา (หลักสูตรภาษาจีน),false,true,
551831,3,551800,หลักสูตรสาธารณสุขศาสตรดุษฎีบัณฑิต สาขาวิชาการระบาดวิทยา (หลักสูตรภาษาจีน),false,true,
551900,2,550000,สาขาวิชานิติศาสตร์,true,true,
551911,3,551900,หลักสูตรนิติศาสตรบัณฑิต สาขาวิชานิติศาสตร์ (หลักสูตรภาษาจีน),false,true,
552000,2,550000,สาขาวิชากฎหมายกับการบริหาร,true,true,
552031,3,552000,หลักสูตรปรัชญาดุษฎีบัณฑิต สาขาวิชากฎหมายกับการบริหาร (หลักสูตรภาษาจีน),false,true,
552100,2,550000,สาขาวิชาธุรกิจและการจัดการ,true,true,
552131,3,552100,หลักสูตรปรัชญาดุษฎีบัณฑิต สาขาวิชาธุรกิจและการจัดการ (หลักสูตรภาษาจีน),false,true,
552132,3,552100,หลักสูตรปรัชญาดุษฎีบัณฑิต สาขาวิชาธุรกิจและการจัดการ (หลักสูตรภาษาอังกฤษ),false,true,
552200,2,550000,สาขาวิชาพยาบาลผู้เชี่ยวชาญทางคลินิก (หลักสูตรภาษาจีน),true,true,
552231,3,552200,หลักสูตรพยาบาลศาสตรดุษฎีบัณฑิต สาขาวิชาพยายาลผู้เชี่ยวชาญทางคลีนิค (หลักสูตรภาษาจีน),false,true,
552300,2,550000,ไม่มีสาขาวิชา,true,true,
552321,3,552300,หลักสูตรพยาบาลศาสตรมหาบัณฑิต (หลักสูตรภาษาจีน),false,true,
552400,2,550000,ไม่มีสาขาวิชา,true,true,
552421,3,552400,หลักสูตรวิทยาศาสตรมหาบัณฑิต (หลักสูตรภาษาจีน),false,true,
552431,3,552400,หลักสูตรวิทยาศาสตรดุษฎีบัณฑิต (หลักสูตรภาษาจีน),false,true,
552500,2,550000,สาขาวิชาการจัดการท่องเที่ยวและบริการ (หลักสูตรภาษาอังกฤษ),true,true,
552511,3,552500,หลักสูตรบริหารธุรกิจบัณฑิต สาขาวิชาการจัดการท่องเที่ยวและบริการ (หลักสูตรภาษาอังกฤษ),false,true,
552600,2,550000,ไม่มีสาขาวิชา,true,true,
552611,3,552600,หลักสูตรศิลปบัณฑิต (หลักสูตรภาษาอังกฤษ),false,true,
552700,2,550000,สาขาวิชาวิศวกรรมอัจฉริยะและระบบยืดหยุ่น (หลักสูตรภาษาจีน),true,true,
552721,3,552700,หลักสูตรวิศวกรรมศาสตรมหาบัณฑิต สาขาวิชาวิศวกรรมอัจฉริยะและระบบยืดหยุ่น (หลักสูตรภาษาจีน),false,true,
552800,2,550000,สาขาวิชาวิทยาศาสตร์การแพทย์และสุขภาพ (หลักสูตรภาษาจีน),true,true,
552821,3,552800,หลักสูตรวิทยาศาสตรมหาบัณฑิต สาขาวิชาวิทยาศาสตร์การแพทย์และสุขภาพ (หลักสูตรภาษาจีน),false,true,
552831,3,552800,หลักสูตรวิทยาศาสตรดุษฎีบัณฑิต สาขาวิชาวิทยาศาสตร์การแพทย์และสุขภาพ (หลักสูตรภาษาจีน),false,true,
552900,2,550000,สาขาวิชานวัตกรรมการจัดการศึกษา,true,true,
552911,3,552900,หลักสูตรศึกษาศาสตรบัณฑิต สาขาวิชานวัตกรรมการจัดการศึกษา (หลักสูตรภาษาจีน),false,true,
560000,1,,วิทยาลัยนานชาติจีนศึกษาและเทคโนโลยี (เปลี่ยนชื่อ 8 พ.ค. 69) สภาอนุมัติ (ชื่อเดิมวิทยาลัยนานาชาติภาษาและวัฒนธรรมจีน),true,true,เปลี่ยนชื่อ 8 พ.ค. 69
560100,2,560000,สำนักงานเลขานุการวิทยาลัยนานาชาติภาษาและวัฒนธรรมจีน,true,true,
560200,2,560000,สาขาวิชาภาษาจีนธุรกิจ,true,true,
560211,3,560200,ศิลปศาสตรบัณฑิต สาขาวิชาภาษาจีนธุรกิจ,false,true,
560212,3,560200,ศิลปศาสตรบัณฑิต สาขาวิชาภาษาจีนธุรกิจ (ระบบการศึกษาทางไกล),false,true,
560300,2,560000,สาขาวิชาการสอนภาษาจีนสำหรับผู้พูดภาษาอื่น,true,true,
560311,3,560300,หลักสูตรศิลปศาสตรบัณฑิต สาขาวิชาการสอนภาษาจีนสำหรับผู้พูดภาษาอื่น,false,true,
560321,3,560300,หลักสูตรศิลปศาสตรมหาบัณฑิต สาขาวิชาการสอนภาษาจีนสำหรับผู้พูดภาษาอื่น (หลักสูตรภาษาจีน),false,true,
560331,3,560300,หลักสูตรปรัชญาดุษฎีบัณฑิต สาขาวิชาการสอนภาษาจีนสำหรับผู้พูดภาษาอื่น (หลักสูตรภาษาจีน),false,true,
560400,2,560000,สาขาวิชาภาษาจีนเพื่อธุรกิจไทยจีนอาเซียน,true,true,
560421,3,560400,หลักสูตรศิลปศาสตรมหาบัณฑิต สาขาวิชาภาษาจีนเพื่อธุรกิจไทยจีนอาเซียน,false,true,
560500,2,560000,ศูนย์วิจัยการศึกษาภาษาจีนนานาชาติ จีน - อาเซียน,true,true,
560600,2,560000,วารสารการสอนภาษาจีนนานาชาติ,true,true,
560700,2,560000,สาขาวิชาการประยุกต์เทคโนโลยีอุตสาหกรรมไทย - จีน,true,true,
560711,3,560700,หลักสูตรเทคโนโลยีบัณฑิต สาขาวิชาการประยุกต์เทคโนโลยีอุตสาหกรรมไทย - จีน,false,true,
560800,2,560000,สาขาวิชาจีนศึกษา (เพิ่ม 2 ก.ค. 69),true,true,
560821,3,560800,หลักสูตรศิลปศาสตรมหาบัณฑิต (หลักสูตรใหม่ พ.ศ. 2569),false,true,
560831,3,560800,หลักสูตรปรัชญาดุษฎีบัณฑิต (หลักสูตรใหม่ พ.ศ. 2569),false,true,
570000,1,,วิทยาลัยนานาชาติอิสลามกรุงเทพ,true,true,
570100,2,570000,สำนักงานเลขานุการวิทยาลัยนานาชาติอิสลามกรุงเทพ,true,true,
570200,2,570000,สาขาวิชาบริหารธุรกิจอิสลาม,true,true,
570211,3,570200,หลักสูตรบริหารธุรกิจบัณฑิต สาขาวิชาบริหารธุรกิจอิสลาม,false,true,
570221,3,570200,หลักสูตรบริหารธุรกิจมหาบัณฑิต สาขาวิชาบริหารธุรกิจอิสลาม,false,true,
570231,3,570200,หลักสูตรปรัชญาดุษฎีบัณฑิต สาขาวิชาบริหารธุรกิจอิสลาม,false,true,
570300,2,570000,สาขาวิชาการบริหารการศึกษาอิสลาม,true,true,
570321,3,570300,หลักสูตรศึกษาศาสตรมหาบัณฑิต สาขาวิชาการบริหารการศึกษาอิสลาม,false,true,
570400,2,570000,ศูนย์ภาษาอาหรับกรุงเทพ,true,true,
570500,2,570000,ศูนย์พัฒนาธุรกิจฮาลาลไทย มหาวิทยาลัยเกริก,true,true,
570600,2,570000,ศูนย์ความร่วมมือไทย-ทูร์เคีย มหาวิทยาลัยเกริก,true,true,
570700,2,570000,สาขาวิชาภาษาอาหรับเพื่อธุรกิจบริการสุขภาพและการท่องเที่ยว,true,true,
570711,3,570700,หลักสูตรศิลปศาสตรบัณฑิต สาขาวิชาภาษาอาหรับเพื่อธุรกิจบริการสุขภาพและการท่องเที่ยว,false,true,
570800,2,570000,สาขาวิชาบริหารธุรกิจอิสลาม (ระบบการศึกษาทางไกล),true,true,
570811,3,570800,หลักสูตรบริหารธุรกิจบัณฑิต สาขาวิชาบริหารธุรกิจอิสลาม (ระบบการศึกษาทางไกล),false,true,
570900,2,570000,สาขาวิชาอิสลามศึกษาและตะวันออกกลาง,true,true,
570921,3,570900,หลักสูตรศิลปศาสตรมหาบัณฑิต สาขาวิชาอิสลามศึกษาและตะวันออกกลาง,false,true,
580000,1,,วิทยาลัยนานาชาติศิลปะ,true,true,
580100,2,580000,สำนักงานเลขานุการวิทยาลัยนานาชาติศิลปะ,true,true,
580200,2,580000,สาขาวิชาศิลปะสร้างสรรค์,true,true,
580211,3,580200,หลักสูตรศิลปบัณฑิต สาขาวิชาศิลปะสร้างสรรค์ (หลักสูตรภาษาจีน),false,true,
580221,3,580200,หลักสูตรศิลปมหาบัณฑิต สาขาวิชาศิลปะสร้างสรรค์ (หลักสูตรภาษาจีน),false,true,
580231,3,580200,หลักสูตรศิลปดุษฎีบัณฑิต สาขาวิชาศิลปะสร้างสรรค์ (หลักสูตรภาษาจีน),false,true,
580300,2,580000,สาขาวิชาดนตรีวิทยา,true,true,
580321,3,580300,หลักสูตรศิลปมหาบัณฑิต สาขาวิชาดนตรีวิทยา (หลักสูตรภาษาจีน),false,true,
580331,3,580300,หลักสูตรศิลปดุษฎีบัณฑิต สาขาวิชาดนตรีวิทยา (หลักสูตรภาษาจีน),false,true,
580400,2,580000,สาขาวิชาศิลปะ,true,true,
580421,3,580400,หลักสูตรศิลปมหาบัณฑิต สาขาวิชาศิลปะ (หลักสูตรภาษาจีน),false,true,
580431,3,580400,หลักสูตรศิลปดุษฎีบัณฑิต สาขาวิชาศิลปะ (หลักสูตรภาษาจีน),false,true,
590000,1,,วิทยาลัยนานาชาติการบินและอวกาศ,true,true,
590100,2,590000,สำนักงานเลขานุการวิทยาลัยนานาชาติการบินและอวกาศ,true,true,
590200,2,590000,สาขาวิชาการจัดการธุรกิจการบิน,true,true,
590211,3,590200,หลักสูตรบริหารธุรกิจบัณฑิต,false,true,
590300,2,590000,สาขาวิชาการจัดการธุรกิจค้าปลีกและเทคโนโลยี (จะย้ายไปอยู่คณะบริหารธุรกิจ),true,true,
590311,3,590300,หลักสูตรเทคโนโลยีบัณฑิต,false,true,
590400,2,590000,สาขาวิชาการจัดการการบิน,true,true,
590421,3,590400,หลักสูตรบริหารธุรกิจมหาบัณฑิต สาขาวิชาการจัดการการบิน,false,true,
590500,2,590000,สาขาวิชาผู้บริหารการบินและโลจิสติกส์,true,true,
590531,3,590500,หลักสูตรปรัชญาดุษฎีบัณฑิต สาขาวิชาผู้บริหารการบินและโลจิสติกส์,false,true,
590600,2,590000,สาขาวิชาอุตสาหกรรมการบิน (หลักสูตรภาษาอังกฤษ),true,true,
590611,3,590600,หลักสูตรเทคโนโลยีบัณฑิต สาขาวิชาอุตสาหกรรมการบิน (หลักสูตรภาษาอังกฤษ),false,true,
590700,2,590000,สาขาวิชาเทคโนโลยีอุตสาหกรรม (ระบบการศึกษาทางไกล),true,true,
590711,3,590700,หลักสูตรเทคโนโลยีบัณฑิต สาชาวิชาเทคโนโลยีอุตสาหกรรม (ระบบการศึกษาทางไกล),false,true,
590800,2,590000,สาขาวิชาเทคโนโลยีอุตสาหกรรมและการนำเข้า – ส่งออกทางอากาศ,true,true,
590821,3,590800,หลักสูตรการจัดการมหาบัณฑิต สาชาวิชาเทคโนโลยีอุตสาหกรรมและ การนำเข้า - ส่งออกทางอากาศ (เปลี่ยน 19 ส.ค. 69),false,true,
600000,1,,วิทยาลัยนานาชาติบริทิช,true,true,
600100,2,600000,สำนักงานเลขานุการวิทยาลัยนานาชาติบริทิช,true,true,
600200,2,600000,สาขาวิชาเทคโนโลยีสารสนเทศและการสื่อสาร (หลักสูตรภาษาอังกฤษ),true,true,
600211,3,600200,หลักสูตรเทคโนโลยีบัณฑิต สาขาวิชาเทคโนโลยีสารสนเทศและการสื่อสาร (หลักสูตรภาษาอังกฤษ),false,true,
600300,2,600000,สาขาวิชาการจัดการท่องเที่ยวและบริการ (หลักสูตรภาษาอังกฤษ),true,true,
600311,3,600300,หลักสูตรบริหารธุรกิจบัณฑิต สาขาวิชาการจัดการท่องเที่ยวและบริการ (หลักสูตรภาษาอังกฤษ),false,true,
600400,2,600000,ไม่ระบุสาขา,true,true,
600411,3,600400,หลักสูตรศิลปบัณฑิต (หลักสูตรภาษาอังกฤษ),false,true,
600500,2,600000,สาขาวิชาธุรกิจและการจัดการ (หลักสูตรภาษาอังกฤษ),true,true,
600531,3,600500,หลักสูตรปรัชญาดุษฎีบัณฑิต สาขาวิชาธุรกิจและการจัดการ (หลักสูตรภาษาอังกฤษ),false,true,
600600,2,600000,สาขาวิชาธุรกิจและการจัดการ,true,true,
600621,3,600600,หลักสูตรบริหารธุรกิจมหาบัณฑิต (หลักสูตรภาษาอังกฤษ),false,true,
600700,2,600000,สาขาวิชาการประมวลผลทางธุรกิจ,true,true,
600711,3,600700,หลักสูตรบริหารธุรกิจบัณฑิต สาขาวิชาการประมวลผลทางธุรกิจ (หลักสูตรภาษาอังกฤษ),false,true,
610000,1,,วิทยาลัยบริหารธุรกิจหนานหยางกรุงเทพ,true,true,
610100,2,610000,สำนักงานเลขานุการวิทยาลัยบริหารธุรกิจหนานหยางกรุงเทพ,true,true,
610200,2,610000,ไม่ระบุสาขาวิชา,true,true,
610211,3,610200,หลักสูตรบริหารธุรกิจบัณฑิต (หลักสูตรภาษาจีน),false,true,
610221,3,610200,หลักสูตรบริหารธุรกิจมหาบัณฑิต (หลักสูตรภาษาจีน),false,true,
610231,3,610200,หลักสูตรบริหารธุรกิจดุษฎีบัณฑิต (หลักสูตรภาษาจีน),false,true,
610300,2,610000,สาขาวิชาธุรกิจและการจัดการ (หลักสูตรภาษาจีน),true,true,
610331,3,610300,หลักสูตรปรัชญาดุษฎีบัณฑิต สาขาวิชาธุรกิจและการจัดการ (หลักสูตรภาษาจีน),false,true,
620000,1,,คณะการจัดการสิ่งแวดล้อมและภัยพิบัติ (ไม่ใช้),false,false,ไม่ใช้
620100,2,620000,สำนักงานเลขานุการคณะการจัดการสิ่งแวดล้อมและภัยพิบัติ,false,false,
620200,2,620000,สาขาวิชานวัตกรรมการจัดการสิ่งแวดล้อมและความปลอดภัย,false,false,
620221,3,620200,หลักสูตรวิทยาศาตรมหาบัณฑิต สาขาวิชานวัตกรรมการจัดการสิ่งแวดล้อมและความปลอดภัย,false,false,
630000,1,,คณะนวัฒกรรมวิทยาศาสตร์และวิศวกรรม,true,true,
630100,2,630000,สำนักงานบริหารคณะวิชา,true,true,
630200,2,630000,สาขาวิชาปัญญาประดิษฐ์และนวัตกรรมธุรกิจ,true,true,
630211,3,630200,หลักสูตรวิทยาศาสตรบัณฑิต สาขาวิชาปัญญาประดิษฐ์และนวัตกรรมธุรกิจ,false,true,
630300,2,630000,สาขาวิชานวัตกรรมการจัดการสิ่งแวดล้อมและภัยพิบัติ (ย้ายจากสิ่งแวดล้อม),true,true,
630321,3,630300,หลักสูตรวิทยาศาสตรมหาบัณฑิต สาขาวิชานวัตกรรมการจัดการสิ่งแวดล้อม และภัยพิบัติ,false,true,
710000,1,,ศูนย์ส่งเสริมและบริการวิชาการแก่สังคม,true,true,
710100,2,710000,สำนักงานธุรการและประสานงาน,true,true,
720000,1,,ศูนย์เทคโนโลยีสารสนเทศ,true,true,
720100,2,720000,งานพัฒนาระบบสารสนเทศและประมวลผล,false,true,
720200,2,720000,งานเครือข่ายและซ่อมบำรุง,false,true,
730000,1,,ศูนย์พัฒนาภาพลักษณ์และการตลาดออนไลน์,true,true,
730100,2,730000,สำนักงานธุรการและประสานงาน,true,true,
740000,1,,ศูนย์บริการนักศึกษานานาชาติ (วีซ่า),true,true,
740100,2,740000,สำนักงานธุรการและประสานงาน,true,true,
750000,1,,ศูนย์แนะแนวและงานความร่วมมือทางวิชาการการศึกษา,true,true,
750100,2,750000,สำนักงานธุรการและประสานงาน,true,true,
